create table employees(
	id serial primary key,
	employees_name varchar(50) not null);
	
insert into employees(employees_name)
values ('Cathy Walker'),
	   ('Stephanie Farmer'),
	   ('Joan Sanchez'),
	   ('Kevin Hunt'),
	   ('Kathleen Francis'),
	   ('David McKinney'),
	   ('Suzanne Ford'),
	   ('Betty Harris'),
	   ('Charlotte Murphy'),
	   ('Lori Elliott'),
	   ('David King'),
	   ('Margaret Taylor'),
	   ('Leona Salazar'),
	   ('Gloria Bowman'),
	   ('Edith Simpson'),
	   ('Thomas Martin'),
	   ('Rick Greene'),
	   ('James Lewis'),
	   ('Michael Diaz'),
	   ('Rebecca White'),
	   ('Marlene Thompson'),
	   ('Richard Mendez'),
	   ('Eleanor Stewart'),
	   ('Christine Diaz'),
	   ('Elizabeth Logan'),
	   ('Earl Hall'),
	   ('Patrick Fuller'),
	   ('Tyrone Sherman'),
	   ('Richard Goodman'),
	   ('Raymond Fletcher'),
	   ('Mario Mendoza'),
	   ('Ronald Martin'),
	   ('Rose Jackson'),
	   ('Jane Williams'),
	   ('Thelma Anderson'),
	   ('Courtney Smith'),
	   ('Kay Smith'),
	   ('Clifford Dixon'),
	   ('Jose Williamson'),
	   ('Martha Bennett'),
	   ('Mary Rose'),
	   ('Ruth Anderson'),
	   ('Rose Hunt'),
	   ('Linda Briggs'),
	   ('Emily Adams'),
	   ('Christopher Ford'),
	   ('Micheal Smith'),
	   ('Connie Perez'),
	   ('Ricky Gray'),
	   ('Nicole Williams'),
	   ('Jesse Roberts'),
	   ('Amy Graham'),
	   ('William Williams'),
	   ('James Scott'),
	   ('Andrea Brooks'),
	   ('Veronica Green'),
	   ('Elizabeth Cox'),
	   ('Lucy Peterson'),
	   ('Debra Smith'),
	   ('Eric Green'),
	   ('Mary Robinson'),
	   ('Cynthia Scott'),
	   ('Charles Clark'),
	   ('Wayne Sanchez'),
	   ('Gary Hart'),
	   ('Jerome Scott'),
	   ('Jonh Sina'),
	   ('Kilian Merfi'),
	   ('Cristiano Ronaldo'),
	   ('Leonel Messi');

create table salary(
	id serial primary key,
	monthly_salary int not null);

insert into salary(monthly_salary)
values ('1000'),
       ('1100'),
       ('1200'),
       ('1300'),
       ('1400'),
       ('1500'),
       ('1600'),
       ('1700'),
       ('1800'),
       ('1900'),
       ('2000'),
       ('2100'),
       ('2200'),
       ('2300'),
       ('2400'),
       ('2500');

create table employee_salary(
	id serial primary key,
	employee_id int not null unique,
	salary_id int not null);

insert into employee_salary(employee_id,salary_id)
values (2,6),
       (41,1),
       (13,4),
       (27,19),
       (55,3),
       (6,2),
       (19,5),
       (38,21),
       (33,11),
       (12,8),
       (77,15),
       (66,17),
       (23,9),
       (31,32),
       (100,14),
       (28,1),
       (29,18),
       (24,7),
       (9,5),
       (22,10),
       (36,6),
       (14,29),
       (1,9),
       (26,13),
       (37,38),
       (18,2),
       (3,4),
       (11,16),
       (80,15),
       (111,19),
       (7,21),
       (99,1),
       (45,18),
       (17,12),
       (32,30),
       (20,14),
       (50,3),
       (34,24),
       (4,9),
       (10,38);
      
create table roles(
	id serial primary key,
	role_name int not null unique);

ALTER TABLE roles
ALTER COLUMN role_name TYPE varchar(30);

insert into roles(role_name)
values ('Junior Python developer'),
       ('Middle Python developer'),
       ('Senior Python developer'),
       ('Junior Java developer'),
       ('Middle Java developer'),
       ('Senior Java developer'),
       ('Junior JavaScript developer'),
       ('Middle JavaScript developer'),
       ('Senior JavaScript developer'),
       ('Junior Manual QA engineer'),
       ('Middle Manual QA engineer'),
       ('Senior Manual QA engineer'),
       ('Project Manager'),
       ('Designer'),
       ('HR'),
       ('CEO'),
       ('Sales manager'),
       ('Junior Automation QA engineer'),
       ('Middle Automation QA engineer'),
       ('Senior Automation QA engineer');
      
create table roles_employee(
	id serial primary key,
	employee_id int not null unique,
	role_id int not null,
	foreign key(employee_id)
		references employees(id),
	foreign key(role_id)
        references roles(id)
);

insert into roles_employee(employee_id,role_id)
values (1,1),
       (2,2),
	   (3,4),
	   (4,10),
	   (5,13),
	   (6,14),
	   (7,5),
	   (8,9),
	   (9,10),
	   (10,20),
	   (11,11),
	   (12,1),
	   (13,3),
	   (14,17),
	   (15,15),
	   (16,13),
	   (17,12),
	   (18,10),
	   (19,19),
	   (21,4),
	   (22,8),
	   (23,15),
	   (24,2),
	   (25,17),
	   (26,20),
	   (27,9),
	   (28,7),
	   (29,6),
	   (30,14),
	   (31,1),
	   (32,18),
	   (33,12),
	   (34,5),
	   (35,16),
	   (36,3),
	   (37,13),
	   (38,19),
	   (39,7),
	   (40,8),
	   (20,1);
	   
